game_id,home_team,away_team,is_neutral,game_time,tv_network,home_team_rating,away_team_rating,home_team_spread,home_team_wp,away_team_wp,home_team_spread_display,home_score,away_score,game_day,home_dff,home_error,home_error_abs,Unnamed: 0,date
,,,,,,,,,,,,,,,,,,,
401808288.0,Alabama,Auburn,0.0,05:30 PM PST,ESPN,22.55,17.03,-6.6,74.69,25.31,Alabama -6.6,96.0,84.0,"March 07, 2026",12.0,5.4,5.4,0.0,
401851325.0,Idaho State,Northern Arizona,1.0,04:30 PM PST,ESPN+,-4.67,-13.1,-5.7,71.65,28.35,Idaho State -5.7,73.0,65.0,"March 07, 2026",8.0,2.3,2.3,1.0,
401851250.0,Austin Peay,Queens University,1.0,04:45 PM PST,ESPN+,1.71,-1.37,-2.1,58.28,41.72,Austin Peay -2.1,83.0,90.0,"March 07, 2026",-7.0,-9.1,9.1,2.0,
401851626.0,North Dakota State,Omaha,1.0,05:00 PM PST,CBSSN,5.13,-6.07,-7.6,77.65,22.35,North Dakota State -7.6,74.0,50.0,"March 07, 2026",24.0,16.4,16.4,3.0,
401823806.0,Grand Canyon,Fresno State,0.0,05:00 PM PST,,9.82,1.86,-8.3,79.69,20.31,Grand Canyon -8.3,85.0,60.0,"March 07, 2026",25.0,16.7,16.7,4.0,
401823186.0,Cal State Northridge,Cal State Fullerton,0.0,05:00 PM PST,ESPN+,-1.71,-1.86,-3.0,61.8,38.2,Cal State Northridge -3.0,77.0,90.0,"March 07, 2026",-13.0,-16.0,16.0,5.0,
401822976.0,Georgetown,Providence,0.0,05:00 PM PST,truTV,6.23,8.9,-1.1,54.33,45.67,Georgetown -1.1,80.0,79.0,"March 07, 2026",1.0,-0.1,0.1,6.0,
401809122.0,UC Irvine,UC Davis,0.0,05:00 PM PST,ESPNU,4.37,-0.89,-6.5,74.12,25.88,UC Irvine -6.5,79.0,69.0,"March 07, 2026",10.0,3.5,3.5,7.0,
401856426.0,William & Mary,Elon,1.0,05:30 PM PST,,5.0,-3.02,-5.4,70.7,29.3,William & Mary -5.4,72.0,62.0,"March 07, 2026",10.0,4.6,4.6,8.0,
401851582.0,Mercer,Western Carolina,1.0,05:30 PM PST,ESPN+,1.28,-3.99,-3.6,63.98,36.02,Mercer -3.6,73.0,77.0,"March 07, 2026",-4.0,-7.6,7.6,9.0,
401808287.0,Texas,Oklahoma,0.0,05:30 PM PST,SEC Network,16.94,12.51,-5.9,72.27,27.73,Texas -5.9,85.0,88.0,"March 07, 2026",-3.0,-8.9,8.9,10.0,
401805216.0,Southern Utah,California Baptist,0.0,05:30 PM PST,ESPN+,-9.34,4.93,6.8,24.86,75.14,Southern Utah +6.8,75.0,82.0,"March 07, 2026",-7.0,-0.2000000000000001,0.2000000000000001,11.0,
401851464.0,Siena,Mount St. Mary's,1.0,05:48 PM PST,ESPN+,-0.25,-9.4,-6.2,73.28,26.72,Siena -6.2,63.0,58.0,"March 07, 2026",5.0,-1.2000000000000002,1.2000000000000002,12.0,
401851753.0,San Francisco,Portland,1.0,06:00 PM PST,ESPN+,3.2,-5.61,-6.0,72.51,27.49,San Francisco -6.0,82.0,65.0,"March 07, 2026",17.0,11.0,11.0,13.0,
401851534.0,Tennessee State,Morehead State,1.0,06:00 PM PST,ESPN2,-0.26,-6.62,-4.3,66.71,33.29,Tennessee State -4.3,93.0,67.0,"March 07, 2026",26.0,21.7,21.7,14.0,
401825566.0,USC,UCLA,0.0,06:00 PM PST,FS1,8.75,16.59,2.4,40.43,59.57,USC +2.4,68.0,89.0,"March 07, 2026",-21.0,-18.6,18.6,15.0,
401825562.0,Minnesota,Northwestern,0.0,06:00 PM PST,BTN,9.75,10.2,-2.6,60.24,39.76,Minnesota -2.6,67.0,66.0,"March 07, 2026",1.0,-1.6,1.6,16.0,
401809104.0,UC Santa Barbara,UC San Diego,0.0,06:00 PM PST,ESPN+,3.01,3.45,-2.6,60.26,39.74,UC Santa Barbara -2.6,63.0,64.0,"March 07, 2026",-1.0,-3.6,3.6,17.0,
401805215.0,Utah Tech,Utah Valley,0.0,06:00 PM PST,ESPN+,-1.33,9.05,4.1,33.91,66.09,Utah Tech +4.1,101.0,104.0,"March 07, 2026",-3.0,1.0999999999999996,1.0999999999999996,18.0,
401851703.0,Coastal Carolina,Georgia Southern,1.0,06:24 PM PST,ESPN+,-4.29,-4.81,-0.4,51.41,48.59,Coastal Carolina -0.4,72.0,96.0,"March 07, 2026",-24.0,-24.4,24.4,19.0,
401820788.0,Duke,North Carolina,0.0,03:30 PM PST,ESPN,38.45,20.34,-15.2,93.57,6.43,Duke -15.2,76.0,61.0,"March 07, 2026",15.0,-0.1999999999999993,0.1999999999999993,20.0,
401822973.0,Marquette,UConn,0.0,09:30 AM PST,FOX,6.04,25.58,10.4,14.99,85.01,Marquette +10.4,68.0,62.0,"March 07, 2026",6.0,16.4,16.4,21.0,
401808281.0,Kentucky,Florida,0.0,01:00 PM PST,ESPN,19.52,31.45,5.2,30.15,69.85,Kentucky +5.2,77.0,84.0,"March 07, 2026",-7.0,-1.7999999999999998,1.7999999999999998,22.0,
401827726.0,Iowa State,Arizona State,0.0,11:00 AM PST,FS1,26.76,9.09,-14.9,93.19,6.81,Iowa State -14.9,86.0,65.0,"March 07, 2026",21.0,6.1,6.1,23.0,
401827728.0,Oklahoma State,Houston,0.0,09:00 AM PST,CBS,7.5,27.77,10.9,13.87,86.13,Oklahoma State +10.9,75.0,82.0,"March 07, 2026",-7.0,3.9,3.9,24.0,
401820794.0,Virginia,Virginia Tech,0.0,09:00 AM PST,The CW Network,23.38,11.96,-10.7,85.67,14.33,Virginia -10.7,76.0,72.0,"March 07, 2026",4.0,-6.699999999999999,6.699999999999999,25.0,
401827727.0,Kansas,Kansas State,0.0,11:00 AM PST,CBS,21.59,4.53,-14.5,92.62,7.38,Kansas -14.5,104.0,85.0,"March 07, 2026",19.0,4.5,4.5,26.0,
401825565.0,Purdue,Wisconsin,0.0,01:00 PM PST,CBS,26.81,18.35,-8.6,80.63,19.37,Purdue -8.6,93.0,97.0,"March 07, 2026",-4.0,-12.6,12.6,27.0,
401808285.0,Missouri,Arkansas,0.0,09:00 AM PST,ESPN,11.18,23.35,5.4,29.59,70.41,Missouri +5.4,84.0,88.0,"March 07, 2026",-4.0,1.4000000000000004,1.4000000000000004,28.0,
401820790.0,Miami,Louisville,0.0,11:00 AM PST,ESPNU,18.85,24.2,0.7,47.08,52.92,Miami +0.7,89.0,92.0,"March 07, 2026",-3.0,-2.3,2.3,29.0,
401808286.0,Tennessee,Vanderbilt,0.0,11:00 AM PST,ESPN,23.42,23.48,-2.9,61.25,38.75,Tennessee -2.9,82.0,86.0,"March 07, 2026",-4.0,-6.9,6.9,30.0,
401828466.0,George Mason,Saint Louis,0.0,01:00 PM PST,USA Net,6.45,22.15,7.8,21.89,78.11,George Mason +7.8,86.0,57.0,"March 07, 2026",29.0,36.8,36.8,31.0,
401856423.0,Stony Brook,Campbell,1.0,09:00 AM PST,,-5.17,-2.69,1.7,43.31,56.69,Stony Brook +1.7,89.0,96.0,"March 07, 2026",-7.0,-5.3,5.3,32.0,
401851581.0,East Tennessee State,The Citadel,1.0,09:00 AM PST,ESPN+,5.56,-19.22,-16.8,95.38,4.62,East Tennessee State -16.8,83.0,76.0,"March 07, 2026",7.0,-9.8,9.8,33.0,
401851517.0,Mercyhurst,Stonehill,0.0,09:00 AM PST,ESPN+,-7.68,-14.77,-7.7,77.98,22.02,Mercyhurst -7.7,56.0,51.0,"March 07, 2026",5.0,-2.7,2.7,34.0,
401851351.0,High Point,UNC Asheville,1.0,09:00 AM PST,ESPN+,12.29,-4.55,-11.4,87.36,12.64,High Point -11.4,75.0,71.0,"March 07, 2026",4.0,-7.4,7.4,35.0,
401828463.0,St. Bonaventure,Davidson,0.0,09:00 AM PST,USA Net,1.55,4.98,-0.6,52.28,47.72,St. Bonaventure -0.6,63.0,68.0,"March 07, 2026",-5.0,-5.6,5.6,36.0,
401822975.0,DePaul,Butler,0.0,09:00 AM PST,FS1,4.92,8.37,-0.6,52.22,47.78,DePaul -0.6,71.0,81.0,"March 07, 2026",-10.0,-10.6,10.6,37.0,
401822974.0,Villanova,Xavier,0.0,09:00 AM PST,TNT/truTV,17.13,5.04,-11.1,86.67,13.33,Villanova -11.1,91.0,78.0,"March 07, 2026",13.0,1.9000000000000004,1.9000000000000004,38.0,
401820793.0,Boston College,Notre Dame,0.0,09:00 AM PST,ESPNU,-0.04,6.42,1.5,44.09,55.91,Boston College +1.5,77.0,69.0,"March 07, 2026",8.0,9.5,9.5,39.0,
401820787.0,Clemson,Georgia Tech,0.0,09:00 AM PST,ACC Network,17.44,-1.11,-15.5,93.94,6.06,Clemson -15.5,79.0,76.0,"March 07, 2026",3.0,-12.5,12.5,40.0,
401804964.0,Delaware,Louisiana Tech,0.0,09:00 AM PST,ESPN+,-8.27,-6.49,-1.7,56.72,43.28,Delaware -1.7,38.0,81.0,"March 07, 2026",-43.0,-44.7,44.7,41.0,
401851200.0,UMass Lowell,UAlbany,0.0,10:00 AM PST,ESPN+,-12.08,-12.83,-3.4,63.34,36.66,UMass Lowell -3.4,81.0,76.0,"March 07, 2026",5.0,1.6,1.6,42.0,
401851198.0,UMBC,New Hampshire,0.0,10:00 AM PST,ESPN+,-0.92,-17.58,-14.2,92.24,7.76,UMBC -14.2,84.0,69.0,"March 07, 2026",15.0,0.8000000000000007,0.8000000000000007,43.0,
401828468.0,Saint Joseph's,La Salle,0.0,10:00 AM PST,ESPN+,2.44,-5.93,-8.6,80.46,19.54,Saint Joseph's -8.6,88.0,76.0,"March 07, 2026",12.0,3.4000000000000004,3.4000000000000004,44.0,
401808283.0,Ole Miss,South Carolina,0.0,10:00 AM PST,SEC Network,7.12,4.84,-4.4,67.18,32.82,Ole Miss -4.4,61.0,64.0,"March 07, 2026",-3.0,-7.4,7.4,45.0,
401851519.0,Long Island University,Wagner,0.0,11:00 AM PST,ESPN+,-1.43,-9.89,-8.6,80.63,19.37,Long Island University -8.6,64.0,56.0,"March 07, 2026",8.0,-0.5999999999999996,0.5999999999999996,46.0,
401851199.0,Vermont,Bryant,0.0,11:00 AM PST,ESPN+,-2.98,-19.92,-14.4,92.51,7.49,Vermont -14.4,77.0,57.0,"March 07, 2026",20.0,5.6,5.6,47.0,
401830012.0,Dartmouth,Cornell,0.0,11:00 AM PST,ESPN+,-6.0,2.93,3.2,37.59,62.41,Dartmouth +3.2,90.0,111.0,"March 07, 2026",-21.0,-17.8,17.8,48.0,
401828467.0,Loyola Chicago,George Washington,0.0,11:00 AM PST,USA Net,-12.17,10.59,12.6,10.47,89.53,Loyola Chicago +12.6,68.0,62.0,"March 07, 2026",6.0,18.6,18.6,49.0,
401828465.0,Fordham,Rhode Island,0.0,11:00 AM PST,ESPN+,-0.41,2.45,-1.0,53.82,46.18,Fordham -1.0,61.0,49.0,"March 07, 2026",12.0,11.0,11.0,50.0,
401828464.0,Duquesne,Richmond,0.0,11:00 AM PST,ESPN+,2.07,2.1,-2.9,61.33,38.67,Duquesne -2.9,79.0,77.0,"March 07, 2026",2.0,-0.8999999999999999,0.8999999999999999,51.0,
401827729.0,TCU,Cincinnati,0.0,11:00 AM PST,TNT/truTV,14.64,13.7,-3.5,63.83,36.17,TCU -3.5,73.0,63.0,"March 07, 2026",10.0,6.5,6.5,52.0,
401820789.0,Florida State,SMU,0.0,11:00 AM PST,ACC Network,9.39,16.96,2.2,41.14,58.86,Florida State +2.2,91.0,78.0,"March 07, 2026",13.0,15.2,15.2,53.0,
401818337.0,Yale,Princeton,0.0,11:00 AM PST,ESPN+,12.39,-4.74,-14.5,92.69,7.31,Yale -14.5,78.0,53.0,"March 07, 2026",25.0,10.5,10.5,54.0,
401804967.0,Florida International,Western Kentucky,0.0,11:00 AM PST,ESPN+,-2.04,1.89,-0.2,50.92,49.08,Florida International -0.2,92.0,67.0,"March 07, 2026",25.0,24.8,24.8,55.0,
401804963.0,Liberty,Sam Houston,0.0,11:00 AM PST,ESPN+,5.59,6.19,-2.5,59.84,40.16,Liberty -2.5,79.0,72.0,"March 07, 2026",7.0,4.5,4.5,56.0,
401820791.0,NC State,Stanford,0.0,11:15 AM PST,The CW Network,18.59,10.08,-8.7,80.73,19.27,NC State -8.7,84.0,85.0,"March 07, 2026",-1.0,-9.7,9.7,57.0,
401856424.0,Drexel,Northeastern,1.0,11:30 AM PST,,-2.89,-8.87,-4.1,65.76,34.24,Drexel -4.1,84.0,77.0,"March 07, 2026",7.0,2.9000000000000004,2.9000000000000004,58.0,
401851583.0,Wofford,UNC Greensboro,1.0,11:30 AM PST,ESPN+,-4.93,-10.15,-3.5,63.85,36.15,Wofford -3.5,72.0,75.0,"March 07, 2026",-3.0,-6.5,6.5,59.0,
401851352.0,Winthrop,Presbyterian,1.0,11:30 AM PST,ESPN+,4.57,-6.13,-7.3,76.62,23.38,Winthrop -7.3,73.0,71.0,"March 07, 2026",2.0,-5.3,5.3,60.0,
401804968.0,Missouri State,Middle Tennessee,0.0,12:00 PM PST,ESPN+,-2.5,0.71,-0.7,52.87,47.13,Missouri State -0.7,63.0,75.0,"March 07, 2026",-12.0,-12.7,12.7,61.0,
401804965.0,UTEP,Jacksonville State,0.0,12:00 PM PST,ESPN+,-8.53,-2.95,0.9,46.46,53.54,UTEP +0.9,61.0,64.0,"March 07, 2026",-3.0,-2.1,2.1,62.0,
401851492.0,UIC,Drake,1.0,12:30 PM PST,CBSSN,5.89,-0.85,-4.6,67.64,32.36,UIC -4.6,72.0,51.0,"March 07, 2026",21.0,16.4,16.4,63.0,
401808284.0,Mississippi State,Georgia,0.0,12:30 PM PST,SEC Network,3.47,19.29,7.8,21.65,78.35,Mississippi State +7.8,96.0,102.0,"March 07, 2026",-6.0,1.7999999999999998,1.7999999999999998,64.0,
401851201.0,NJIT,Maine,0.0,01:00 PM PST,ESPN+,-14.89,-15.89,-3.6,63.98,36.02,NJIT -3.6,60.0,58.0,"March 07, 2026",2.0,-1.6,1.6,65.0,
401829340.0,Utah State,New Mexico,0.0,01:00 PM PST,,19.94,13.77,-7.1,76.08,23.92,Utah State -7.1,94.0,90.0,"March 07, 2026",4.0,-3.1,3.1,66.0,
401828261.0,Wichita State,Florida Atlantic,0.0,01:00 PM PST,ESPNU,9.94,3.97,-7.0,75.66,24.34,Wichita State -7.0,88.0,70.0,"March 07, 2026",18.0,11.0,11.0,67.0,
401823834.0,Colorado State,Boise State,0.0,01:00 PM PST,,8.69,11.58,-0.9,53.74,46.26,Colorado State -0.9,67.0,78.0,"March 07, 2026",-11.0,-11.9,11.9,68.0,
401820795.0,Wake Forest,California,0.0,01:00 PM PST,ACC Network,10.67,9.75,-3.5,63.78,36.22,Wake Forest -3.5,80.0,73.0,"March 07, 2026",7.0,3.5,3.5,69.0,
401804966.0,New Mexico State,Kennesaw State,0.0,01:00 PM PST,ESPN+,-0.83,0.28,-2.1,58.5,41.5,New Mexico State -2.1,79.0,76.0,"March 07, 2026",3.0,0.8999999999999999,0.8999999999999999,70.0,
401820792.0,Syracuse,Pittsburgh,0.0,01:30 PM PST,The CW Network,9.02,4.26,-6.1,73.01,26.99,Syracuse -6.1,69.0,71.0,"March 07, 2026",-2.0,-8.1,8.1,71.0,
401851249.0,Central Arkansas,Florida Gulf Coast,1.0,02:00 PM PST,ESPN+,1.39,-5.08,-4.4,66.98,33.02,Central Arkansas -4.4,73.0,63.0,"March 07, 2026",10.0,5.6,5.6,72.0,
401829334.0,San José State,Wyoming,0.0,02:00 PM PST,,-8.16,5.53,6.4,26.12,73.88,San José State +6.4,78.0,88.0,"March 07, 2026",-10.0,-3.6,3.6,73.0,
401827723.0,Baylor,Utah,0.0,02:00 PM PST,Peacock/NBCSN,12.83,1.53,-10.6,85.48,14.52,Baylor -10.6,101.0,75.0,"March 07, 2026",26.0,15.4,15.4,74.0,
401825563.0,Ohio State,Indiana,0.0,02:30 PM PST,FOX,18.59,16.97,-4.0,65.54,34.46,Ohio State -4.0,91.0,78.0,"March 07, 2026",13.0,9.0,9.0,75.0,
401856425.0,Towson,Hampton,1.0,03:00 PM PST,,-0.13,-7.8,-5.2,69.87,30.13,Towson -5.2,74.0,68.0,"March 07, 2026",6.0,0.7999999999999998,0.7999999999999998,76.0,
401851586.0,Samford,Furman,1.0,03:00 PM PST,ESPN+,-2.18,-0.9,0.9,46.54,53.46,Samford +0.9,81.0,86.0,"March 07, 2026",-5.0,-4.1,4.1,77.0,
401851493.0,Bradley,Northern Iowa,1.0,03:00 PM PST,CBSSN,5.02,11.02,4.1,34.19,65.81,Bradley +4.1,69.0,73.0,"March 07, 2026",-4.0,0.0999999999999996,0.0999999999999996,78.0,
401851462.0,Quinnipiac,Marist,1.0,03:00 PM PST,ESPN+,-3.0,0.6,2.4,40.34,59.66,Quinnipiac +2.4,75.0,77.0,"March 07, 2026",-2.0,0.3999999999999999,0.3999999999999999,79.0,
401808282.0,LSU,Texas A&M,0.0,03:00 PM PST,SEC Network,10.16,15.26,0.6,47.76,52.24,LSU +0.6,91.0,94.0,"March 07, 2026",-3.0,-2.4,2.4,80.0,
401851702.0,App State,Southern Miss,1.0,03:30 PM PST,ESPN+,-0.06,-4.01,-2.7,60.57,39.43,App State -2.7,73.0,86.0,"March 07, 2026",-13.0,-15.7,15.7,81.0,
401809164.0,Cal Poly,Cal State Bakersfield,0.0,04:00 PM PST,ESPN+,-5.98,-15.62,-9.4,82.76,17.24,Cal Poly -9.4,108.0,76.0,"March 07, 2026",32.0,22.6,22.6,82.0,
401805214.0,Abilene Christian,UT Arlington,0.0,04:00 PM PST,ESPN+,-7.03,-0.42,1.6,43.69,56.31,Abilene Christian +1.6,57.0,64.0,"March 07, 2026",-7.0,-5.4,5.4,83.0,
401851326.0,Idaho,Sacramento State,1.0,07:00 PM PST,ESPN+,0.99,-7.42,-5.7,71.6,28.4,Idaho -5.7,68.0,45.0,"March 07, 2026",23.0,17.3,17.3,84.0,
401820576.0,Nevada,Air Force,0.0,07:00 PM PST,,9.92,-21.65,-24.3,99.25,0.75,Nevada -24.3,74.0,59.0,"March 07, 2026",15.0,-9.3,9.3,85.0,
401827724.0,BYU,Texas Tech,0.0,07:30 PM PST,ESPN,19.85,22.73,-0.9,53.76,46.24,BYU -0.9,82.0,76.0,"March 07, 2026",6.0,5.1,5.1,86.0,
401851627.0,St. Thomas-Minnesota,North Dakota,1.0,07:30 PM PST,CBSSN,7.94,-9.7,-12.0,88.45,11.55,St. Thomas-Minnesota -12.0,66.0,67.0,"March 07, 2026",-1.0,-13.0,13.0,87.0,
401827725.0,Colorado,Arizona,0.0,08:00 PM PST,ESPN2,8.89,32.96,13.4,8.94,91.06,Colorado +13.4,79.0,89.0,"March 07, 2026",-10.0,3.4000000000000004,3.4000000000000004,88.0,
401825564.0,Oregon,Washington,0.0,08:00 PM PST,FS1,3.71,11.84,2.6,39.67,60.33,Oregon +2.6,85.0,79.0,"March 07, 2026",6.0,8.6,8.6,89.0,
401851754.0,Pacific,Seattle U,1.0,08:30 PM PST,ESPN+,4.21,2.86,-0.9,53.65,46.35,Pacific -0.9,61.0,58.0,"March 07, 2026",3.0,2.1,2.1,90.0,
401809152.0,Hawai'i,Long Beach State,0.0,08:59 PM PST,ESPN+,6.25,-8.42,-12.9,90.08,9.92,Hawai'i -12.9,75.0,84.0,"March 07, 2026",-9.0,-21.9,21.9,91.0,
401856427.0,UNC Wilmington,Campbell,1.0,09:00 AM PDT,,8.57,-2.27,-7.4,76.91,23.09,UNC Wilmington -7.4,70.0,85.0,"March 08, 2026",-15.0,-22.4,22.4,,
401851547.0,Lehigh,Colgate,0.0,09:00 AM PDT,CBSSN,-9.67,-3.04,1.6,43.64,56.36,Lehigh +1.6,76.0,69.0,"March 08, 2026",7.0,8.6,8.6,,
401851494.0,UIC,Northern Iowa,1.0,09:00 AM PDT,CBS,6.57,10.86,2.9,38.54,61.46,UIC +2.9,69.0,84.0,"March 08, 2026",-15.0,-12.1,12.1,,
401851353.0,High Point,Winthrop,1.0,09:00 AM PDT,ESPN2,11.98,4.25,-5.2,70.02,29.98,High Point -5.2,91.0,76.0,"March 08, 2026",15.0,9.8,9.8,,
401825570.0,Rutgers,Penn State,0.0,09:00 AM PDT,BTN,-0.46,1.69,-1.4,55.73,44.27,Rutgers -1.4,74.0,62.0,"March 08, 2026",12.0,10.6,10.6,,
401851548.0,Navy,Boston University,0.0,11:00 AM PDT,CBSSN,4.83,-5.63,-10.0,84.14,15.86,Navy -10.0,72.0,73.0,"March 08, 2026",-1.0,-11.0,11.0,,
401851251.0,Central Arkansas,Queens University,1.0,11:00 AM PDT,ESPN2,1.6,-1.0,-1.8,57.01,42.99,Central Arkansas -1.8,93.0,98.0,"March 08, 2026",-5.0,-6.8,6.8,,
401828264.0,Tulane,Memphis,0.0,11:00 AM PDT,ESPN+,-4.48,2.23,1.7,43.42,56.58,Tulane +1.7,95.0,96.0,"March 08, 2026",-1.0,0.7,0.7,,
401828263.0,South Florida,Charlotte,0.0,11:00 AM PDT,ESPN+,14.71,-0.45,-13.2,90.65,9.35,South Florida -13.2,83.0,60.0,"March 08, 2026",23.0,9.8,9.8,,
401856428.0,Monmouth,Drexel,1.0,11:30 AM PDT,,0.26,-2.83,-2.1,58.31,41.69,Monmouth -2.1,65.0,57.0,"March 08, 2026",8.0,5.9,5.9,,
401825567.0,Maryland,Illinois,0.0,12:00 PM PDT,FOX,-1.5,30.12,18.6,3.17,96.83,Maryland +18.6,72.0,78.0,"March 08, 2026",-6.0,12.6,12.6,,
401828266.0,Tulsa,Temple,0.0,12:00 PM PDT,ESPN+,15.74,0.82,-13.0,90.37,9.63,Tulsa -13.0,78.0,76.0,"March 08, 2026",2.0,-11.0,11.0,,
401828265.0,Rice,UTSA,0.0,12:00 PM PDT,ESPN+,-6.38,-19.15,-11.6,87.64,12.36,Rice -11.6,80.0,71.0,"March 08, 2026",9.0,-2.6,2.6,,
401828262.0,UAB,East Carolina,0.0,12:00 PM PDT,ESPN+,4.92,-8.03,-11.7,87.89,12.11,UAB -11.7,90.0,83.0,"March 08, 2026",7.0,-4.699999999999999,4.699999999999999,,
401851431.0,Green Bay,Northern Kentucky,1.0,12:30 PM PDT,ESPN+,-3.12,-0.35,1.9,42.54,57.46,Green Bay +1.9,76.0,96.0,"March 08, 2026",-20.0,-18.1,18.1,,
401851589.0,East Tennessee State,Western Carolina,1.0,01:00 PM PDT,ESPNU,5.24,-3.72,-6.1,72.85,27.15,East Tennessee State -6.1,69.0,67.0,"March 08, 2026",2.0,-4.1,4.1,,
401825568.0,Michigan,Michigan State,0.0,01:30 PM PDT,CBS,35.15,25.09,-9.7,83.47,16.53,Michigan -9.7,90.0,80.0,"March 08, 2026",10.0,0.3000000000000007,0.3000000000000007,,
401825569.0,Nebraska,Iowa,0.0,02:00 PM PDT,FOX,23.8,20.64,-5.0,69.31,30.69,Nebraska -5.0,84.0,75.0,"March 08, 2026",9.0,4.0,4.0,,
401856429.0,Charleston,Towson,1.0,03:00 PM PDT,,1.67,-0.09,-1.2,54.76,45.24,Charleston -1.2,56.0,81.0,"March 08, 2026",-25.0,-26.2,26.2,,
401851704.0,Troy,Southern Miss,1.0,03:00 PM PDT,ESPN+,3.01,-3.5,-4.4,67.08,32.92,Troy -4.4,78.0,70.0,"March 08, 2026",8.0,3.6,3.6,,
401851602.0,New Orleans,Houston Christian,1.0,03:00 PM PDT,ESPN+,-3.7,-9.96,-4.3,66.46,33.54,New Orleans -4.3,73.0,60.0,"March 08, 2026",13.0,8.7,8.7,,
401851465.0,Merrimack,Marist,1.0,03:00 PM PDT,ESPN+,-0.31,0.57,0.6,47.62,52.38,Merrimack +0.6,58.0,57.0,"March 08, 2026",1.0,1.6,1.6,,
401851591.0,Furman,UNC Greensboro,1.0,03:30 PM PDT,ESPNU,-0.67,-9.85,-6.2,73.35,26.65,Furman -6.2,81.0,75.0,"March 08, 2026",6.0,-0.2000000000000001,0.2000000000000001,,
401851329.0,Portland State,Idaho State,1.0,04:30 PM PDT,ESPN+,2.3,-4.44,-4.6,67.64,32.36,Portland State -4.6,85.0,78.0,"March 08, 2026",7.0,2.4000000000000004,2.4000000000000004,,
401856430.0,Hofstra,William & Mary,1.0,05:30 PM PDT,,8.74,5.2,-2.4,59.5,40.5,Hofstra -2.4,92.0,61.0,"March 08, 2026",31.0,28.6,28.6,,
401851756.0,Oregon State,San Francisco,1.0,05:30 PM PDT,ESPN2,-2.02,3.75,3.9,34.76,65.24,Oregon State +3.9,78.0,77.0,"March 08, 2026",1.0,4.9,4.9,,
401851705.0,Marshall,Georgia Southern,1.0,05:30 PM PDT,ESPN+,0.44,-3.7,-2.8,61.07,38.93,Marshall -2.8,78.0,82.0,"March 08, 2026",-4.0,-6.8,6.8,,
401851604.0,Nicholls,Northwestern State,1.0,05:30 PM PDT,ESPN+,-6.53,-10.49,-2.7,60.6,39.4,Nicholls -2.7,61.0,47.0,"March 08, 2026",14.0,11.3,11.3,,
401851466.0,Siena,Fairfield,1.0,05:30 PM PDT,ESPN+,-0.2,-4.77,-3.1,62.18,37.82,Siena -3.1,76.0,61.0,"March 08, 2026",15.0,11.9,11.9,,
401851629.0,North Dakota State,North Dakota,1.0,06:00 PM PDT,CBSSN,5.8,-9.19,-10.2,84.56,15.44,North Dakota State -10.2,70.0,62.0,"March 08, 2026",8.0,-2.2,2.2,,
401851331.0,Montana State,Idaho,1.0,07:00 PM PDT,ESPN+,4.18,1.46,-1.8,57.33,42.67,Montana State -1.8,74.0,78.0,"March 08, 2026",-4.0,-5.8,5.8,,
401851757.0,Santa Clara,Pacific,1.0,08:00 PM PDT,ESPN2,15.21,4.46,-7.3,76.73,23.27,Santa Clara -7.3,76.0,68.0,"March 08, 2026",8.0,0.7000000000000002,0.7000000000000002,,
401851714.0,Alabama State,Alcorn State,1.0,11:00 AM PDT,ESPN+,-13.09,-21.77,-5.9,72.22,27.78,Alabama State -5.9,65.0,77.0,"March 09, 2026",-12.0,-17.9,17.9,,2026-03-09 08:02:56.011076-04:00
401856431.0,Monmouth,Campbell,1.0,03:00 PM PDT,CBSSN,0.63,-1.5,-1.4,55.75,44.25,Monmouth -1.4,74.0,64.0,"March 09, 2026",10.0,8.6,8.6,,2026-03-09 08:02:56.011076-04:00
401851607.0,Texas A&M-Corpus Christi,New Orleans,1.0,03:00 PM PDT,ESPN+,-1.91,-3.37,-1.0,53.95,46.05,Texas A&M-Corpus Christi -1.0,74.0,61.0,"March 09, 2026",13.0,12.0,12.0,,2026-03-09 08:02:56.011076-04:00
401851706.0,Troy,Georgia Southern,1.0,04:00 PM PDT,ESPN2,3.09,-3.52,-4.5,67.32,32.68,Troy -4.5,77.0,61.0,"March 09, 2026",16.0,11.5,11.5,,2026-03-09 08:02:56.011076-04:00
401851593.0,East Tennessee State,Furman,1.0,04:00 PM PDT,ESPN,5.17,-0.64,-3.9,65.34,34.66,East Tennessee State -3.9,61.0,76.0,"March 09, 2026",-15.0,-18.9,18.9,,2026-03-09 08:02:56.011076-04:00
401851432.0,Wright State,Northern Kentucky,1.0,04:00 PM PDT,ESPNU,3.4,0.5,-2.0,57.81,42.19,Wright State -2.0,103.0,90.0,"March 09, 2026",13.0,11.0,11.0,,2026-03-09 08:02:56.011076-04:00
401851332.0,Montana,Northern Colorado,1.0,04:30 PM PDT,ESPN+,-2.04,2.66,3.2,37.48,62.52,Montana +3.2,95.0,89.0,"March 09, 2026",6.0,9.2,9.2,,2026-03-09 08:02:56.011076-04:00
401856432.0,Hofstra,Towson,1.0,05:30 PM PDT,CBSSN,9.82,1.15,-5.9,72.2,27.8,Hofstra -5.9,68.0,65.0,"March 09, 2026",3.0,-2.9000000000000004,2.9000000000000004,,2026-03-09 08:02:56.011076-04:00
401851715.0,Grambling,Mississippi Valley State,1.0,05:30 PM PDT,ESPN+,-10.59,-32.55,-14.9,93.2,6.8,Grambling -14.9,77.0,52.0,"March 09, 2026",25.0,10.1,10.1,,2026-03-09 08:02:56.011076-04:00
401851608.0,UT Rio Grande Valley,Nicholls,1.0,05:30 PM PDT,ESPN+,3.2,-6.06,-6.3,73.52,26.48,UT Rio Grande Valley -6.3,86.0,68.0,"March 09, 2026",18.0,11.7,11.7,,2026-03-09 08:02:56.011076-04:00
401851759.0,Gonzaga,Oregon State,1.0,06:00 PM PDT,ESPN,28.92,-1.9,-20.9,98.18,1.82,Gonzaga -20.9,65.0,56.0,"March 09, 2026",9.0,-11.9,11.9,,2026-03-09 08:02:56.011076-04:00
401851433.0,Robert Morris,Detroit Mercy,1.0,06:30 PM PDT,ESPN2,2.99,-4.87,-5.3,70.32,29.68,Robert Morris -5.3,64.0,70.0,"March 09, 2026",-6.0,-11.3,11.3,,2026-03-09 08:02:56.011076-04:00
401851333.0,Eastern Washington,Weber State,1.0,07:00 PM PDT,ESPN+,-1.65,-1.23,0.3,48.86,51.14,Eastern Washington +0.3,84.0,79.0,"March 09, 2026",5.0,5.3,5.3,,2026-03-09 08:02:56.011076-04:00
401851760.0,Saint Mary's,Santa Clara,1.0,08:30 PM PDT,ESPN2,22.87,15.25,-5.2,69.76,30.24,Saint Mary's -5.2,71.0,76.0,"March 09, 2026",-5.0,-10.2,10.2,,2026-03-09 08:02:56.011076-04:00
401851282.0,Arizona State,Baylor,1.0,09:30 AM PDT,ESPN+,8.87,13.62,3.2,37.35,62.65,Arizona State +3.2,83.0,79.0,"March 10, 2026",4.0,7.2,7.2,,2026-03-10 08:02:17.748465-04:00
401851716.0,Prairie View A&M,Alcorn State,1.0,11:00 AM PDT,ESPN+,-12.5,-21.28,-6.0,72.45,27.55,Prairie View A&M -6.0,65.0,56.0,"March 10, 2026",9.0,3.0,3.0,,2026-03-10 08:02:17.748465-04:00
401851170.0,Stanford,Pittsburgh,1.0,11:00 AM PDT,ACC Network,10.58,4.52,-4.1,65.96,34.04,Stanford -4.1,63.0,64.0,"March 10, 2026",-1.0,-5.1,5.1,,2026-03-10 08:02:17.748465-04:00
401851283.0,Cincinnati,Utah,1.0,12:00 PM PDT,ESPN+,13.36,0.82,-8.5,80.27,19.73,Cincinnati -8.5,73.0,66.0,"March 10, 2026",7.0,-1.5,1.5,,2026-03-10 08:02:17.748465-04:00
401851171.0,SMU,Syracuse,1.0,01:30 PM PDT,ACC Network,16.47,8.62,-5.3,70.3,29.7,SMU -5.3,86.0,69.0,"March 10, 2026",17.0,11.7,11.7,,2026-03-10 08:02:17.748465-04:00
401851362.0,Oregon,Maryland,1.0,02:00 PM PDT,Peacock,3.94,-0.93,-3.3,62.96,37.04,Oregon -3.3,60.0,70.0,"March 10, 2026",-10.0,-13.3,13.3,,2026-03-10 08:02:17.748465-04:00
401851202.0,UMBC,UMass Lowell,0.0,03:00 PM PDT,ESPN+,-0.83,-11.94,-10.4,85.18,14.82,UMBC -10.4,91.0,69.0,"March 10, 2026",22.0,11.6,11.6,,2026-03-10 08:02:17.748465-04:00
401851405.0,Florida International,Missouri State,1.0,03:30 PM PDT,ESPN+,-1.01,-3.04,-1.4,55.48,44.52,Florida International -1.4,72.0,75.0,"March 10, 2026",-3.0,-4.4,4.4,,2026-03-10 08:02:17.748465-04:00
401856433.0,Hofstra,Monmouth,1.0,04:00 PM PDT,CBSSN,9.72,0.86,-6.0,72.63,27.37,Hofstra -6.0,75.0,69.0,"March 10, 2026",6.0,0.0,0.0,,2026-03-10 08:02:17.748465-04:00
401851611.0,Stephen F. Austin,Texas A&M-Corpus Christi,1.0,04:00 PM PDT,ESPNU,8.95,-1.47,-7.1,76.04,23.96,Stephen F. Austin -7.1,60.0,58.0,"March 10, 2026",2.0,-5.1,5.1,,2026-03-10 08:02:17.748465-04:00
401851521.0,Long Island University,Mercyhurst,0.0,04:00 PM PDT,ESPN2,-1.43,-7.74,-7.2,76.38,23.62,Long Island University -7.2,79.0,70.0,"March 10, 2026",9.0,1.7999999999999998,1.7999999999999998,,2026-03-10 08:02:17.748465-04:00
401851434.0,Wright State,Detroit Mercy,1.0,04:00 PM PDT,ESPN,3.71,-4.36,-5.5,70.81,29.19,Wright State -5.5,66.0,63.0,"March 10, 2026",3.0,-2.5,2.5,,2026-03-10 08:02:17.748465-04:00
401851285.0,BYU,Kansas State,1.0,04:00 PM PDT,ESPN+,19.81,4.46,-10.4,85.14,14.86,BYU -10.4,105.0,91.0,"March 10, 2026",14.0,3.6,3.6,,2026-03-10 08:02:17.748465-04:00
401851204.0,Vermont,NJIT,0.0,04:00 PM PDT,ESPN+,-2.73,-14.85,-11.1,86.71,13.29,Vermont -11.1,63.0,54.0,"March 10, 2026",9.0,-2.1,2.1,,2026-03-10 08:02:17.748465-04:00
401851172.0,Virginia Tech,Wake Forest,1.0,04:00 PM PDT,ACC Network,12.21,10.75,-1.0,53.95,46.05,Virginia Tech -1.0,89.0,95.0,"March 10, 2026",-6.0,-7.0,7.0,,2026-03-10 08:02:17.748465-04:00
401851363.0,Northwestern,Penn State,1.0,04:30 PM PDT,Peacock,10.34,1.27,-6.2,73.1,26.9,Northwestern -6.2,76.0,66.0,"March 10, 2026",10.0,3.8,3.8,,2026-03-10 08:02:17.748465-04:00
401851717.0,Jackson State,Grambling,1.0,05:30 PM PDT,ESPN+,-21.16,-10.16,7.5,22.76,77.24,Jackson State +7.5,68.0,65.0,"March 10, 2026",3.0,10.5,10.5,,2026-03-10 08:02:17.748465-04:00
401851762.0,Gonzaga,Santa Clara,1.0,06:00 PM PDT,ESPN,28.38,15.51,-8.7,80.89,19.11,Gonzaga -8.7,79.0,68.0,"March 10, 2026",11.0,2.3000000000000007,2.3000000000000007,,2026-03-10 08:02:17.748465-04:00
401851467.0,Merrimack,Siena,1.0,06:00 PM PDT,ESPN2,-0.08,0.28,0.2,49.02,50.98,Merrimack +0.2,54.0,64.0,"March 10, 2026",-10.0,-9.8,9.8,,2026-03-10 08:02:17.748465-04:00
401851406.0,Jacksonville State,New Mexico State,1.0,06:00 PM PDT,ESPN+,-2.95,-0.82,1.4,44.25,55.75,Jacksonville State +1.4,63.0,68.0,"March 10, 2026",-5.0,-3.6,3.6,,2026-03-10 08:02:17.748465-04:00
401851334.0,Portland State,Montana,1.0,06:00 PM PDT,ESPNU,2.34,-1.61,-2.7,60.57,39.43,Portland State -2.7,72.0,75.0,"March 10, 2026",-3.0,-5.7,5.7,,2026-03-10 08:02:17.748465-04:00
401851612.0,McNeese,UT Rio Grande Valley,1.0,06:30 PM PDT,ESPN+,12.23,3.72,-5.8,71.83,28.17,McNeese -5.8,84.0,80.0,"March 10, 2026",4.0,-1.7999999999999998,1.7999999999999998,,2026-03-10 08:02:17.748465-04:00
401851287.0,Colorado,Oklahoma State,1.0,06:30 PM PDT,ESPN+,8.89,7.78,-0.8,53.0,47.0,Colorado -0.8,83.0,92.0,"March 10, 2026",-9.0,-9.8,9.8,,2026-03-10 08:02:17.748465-04:00
401851335.0,Eastern Washington,Idaho,1.0,08:30 PM PDT,ESPN2,-1.44,1.68,2.1,41.61,58.39,Eastern Washington +2.1,68.0,81.0,"March 10, 2026",-13.0,-10.9,10.9,,2026-03-10 08:02:17.748465-04:00
401851258.0,La Salle,St. Bonaventure,1.0,08:30 AM PDT,USA Net,-6.01,1.29,5.0,31.01,68.99,La Salle +5.0,80.0,99.0,"March 11, 2026",-19.0,-14.0,14.0,,2026-03-11 08:02:50.413228-04:00
401851365.0,Iowa,Maryland,1.0,09:00 AM PDT,Peacock,20.42,-0.44,-14.2,92.17,7.83,Iowa -14.2,75.0,64.0,"March 11, 2026",11.0,-3.1999999999999997,3.1999999999999997,,2026-03-11 08:02:50.413228-04:00
401851173.0,NC State,Pittsburgh,1.0,09:00 AM PDT,ESPN2,17.9,4.66,-9.0,81.57,18.43,NC State -9.0,98.0,88.0,"March 11, 2026",10.0,1.0,1.0,,2026-03-11 08:02:50.413228-04:00
401851289.0,Iowa State,Arizona State,1.0,09:30 AM PDT,ESPN,26.89,9.17,-12.0,88.55,11.45,Iowa State -12.0,91.0,42.0,"March 11, 2026",49.0,37.0,37.0,,2026-03-11 08:02:50.413228-04:00
401851557.0,Kentucky,LSU,1.0,09:30 AM PDT,SEC Network,19.41,9.89,-6.5,74.1,25.9,Kentucky -6.5,87.0,82.0,"March 11, 2026",5.0,-1.5,1.5,,2026-03-11 08:02:50.413228-04:00
401851718.0,Bethune-Cookman,Prairie View A&M,1.0,11:00 AM PDT,ESPN+,-7.34,-12.44,-3.5,63.54,36.46,Bethune-Cookman -3.5,67.0,71.0,"March 11, 2026",-4.0,-7.5,7.5,,2026-03-11 08:02:50.413228-04:00
401851260.0,Richmond,Loyola Chicago,1.0,11:00 AM PDT,USA Net,2.3,-11.39,-9.3,82.37,17.63,Richmond -9.3,67.0,75.0,"March 11, 2026",-8.0,-17.3,17.3,,2026-03-11 08:02:50.413228-04:00
401851174.0,Louisville,SMU,1.0,11:30 AM PDT,ESPN,24.42,17.09,-5.0,69.07,30.93,Louisville -5.0,62.0,58.0,"March 11, 2026",4.0,-1.0,1.0,,2026-03-11 08:02:50.413228-04:00
401851367.0,Washington,USC,1.0,11:30 AM PDT,Peacock,11.54,7.85,-2.5,59.89,40.11,Washington -2.5,83.0,79.0,"March 11, 2026",4.0,1.5,1.5,,2026-03-11 08:02:50.413228-04:00
401851558.0,Auburn,Mississippi State,1.0,12:00 PM PDT,SEC Network,16.71,3.41,-9.0,81.68,18.32,Auburn -9.0,79.0,61.0,"March 11, 2026",18.0,9.0,9.0,,2026-03-11 08:02:50.413228-04:00
401851495.0,UNLV,Wyoming,1.0,12:00 PM PDT,,4.0,5.64,1.1,45.57,54.43,UNLV +1.1,73.0,70.0,"March 11, 2026",3.0,4.1,4.1,,2026-03-11 08:02:50.413228-04:00
401851291.0,UCF,Cincinnati,1.0,12:00 PM PDT,ESPNU,11.61,13.45,1.2,45.03,54.97,UCF +1.2,66.0,65.0,"March 11, 2026",1.0,2.2,2.2,,2026-03-11 08:02:50.413228-04:00
401851308.0,Butler,Providence,1.0,01:00 PM PDT,Peacock,8.86,8.92,0.0,49.84,50.16,Butler 0.0,81.0,91.0,"March 11, 2026",-10.0,-10.0,10.0,,2026-03-11 08:02:50.413228-04:00
401851614.0,Stephen F. Austin,McNeese,1.0,02:00 PM PDT,ESPN2,8.65,12.23,2.4,40.4,59.6,Stephen F. Austin +2.4,59.0,76.0,"March 11, 2026",-17.0,-14.6,14.6,,2026-03-11 08:02:50.413228-04:00
401851496.0,Nevada,Air Force,1.0,02:30 PM PDT,,9.61,-21.41,-21.1,98.24,1.76,Nevada -21.1,80.0,45.0,"March 11, 2026",35.0,13.9,13.9,,2026-03-11 08:02:50.413228-04:00
401851472.0,Morgan State,Delaware State,1.0,03:00 PM PDT,ESPN+,-20.52,-25.0,-3.0,61.95,38.05,Morgan State -3.0,70.0,75.0,"March 11, 2026",-5.0,-8.0,8.0,,2026-03-11 08:02:50.413228-04:00
401851407.0,Liberty,Missouri State,1.0,03:30 PM PDT,ESPN+,5.69,-2.74,-5.7,71.65,28.35,Liberty -5.7,69.0,77.0,"March 11, 2026",-8.0,-13.7,13.7,,2026-03-11 08:02:50.413228-04:00
401851369.0,Indiana,Northwestern,1.0,03:30 PM PDT,BTN,16.53,10.68,-4.0,65.44,34.56,Indiana -4.0,61.0,74.0,"March 11, 2026",-13.0,-17.0,17.0,,2026-03-11 08:02:50.413228-04:00
401851309.0,Marquette,Xavier,1.0,03:30 PM PDT,Peacock,6.67,5.04,-1.1,54.41,45.59,Marquette -1.1,87.0,89.0,"March 11, 2026",-2.0,-3.1,3.1,,2026-03-11 08:02:50.413228-04:00
401851559.0,Texas,Ole Miss,1.0,04:00 PM PDT,SEC Network,16.42,6.73,-6.6,74.47,25.53,Texas -6.6,66.0,76.0,"March 11, 2026",-10.0,-16.6,16.6,,2026-03-11 08:02:50.413228-04:00
401851549.0,Lehigh,Boston University,0.0,04:00 PM PDT,CBSSN,-9.3,-5.16,-0.1,50.35,49.65,Lehigh -0.1,74.0,60.0,"March 11, 2026",14.0,13.9,13.9,,2026-03-11 08:02:50.413228-04:00
401851293.0,West Virginia,BYU,1.0,04:00 PM PDT,ESPN2,11.61,19.84,5.6,28.81,71.19,West Virginia +5.6,48.0,68.0,"March 11, 2026",-20.0,-14.4,14.4,,2026-03-11 08:02:50.413228-04:00
401851221.0,Memphis,Tulane,1.0,04:00 PM PDT,ESPNEWS,2.3,-4.5,-4.6,67.79,32.21,Memphis -4.6,69.0,81.0,"March 11, 2026",-12.0,-16.6,16.6,,2026-03-11 08:02:50.413228-04:00
401851175.0,Florida State,California,1.0,04:00 PM PDT,ESPNU,9.84,9.68,-0.1,50.43,49.57,Florida State -0.1,95.0,89.0,"March 11, 2026",6.0,5.9,5.9,,2026-03-11 08:02:50.413228-04:00
401851733.0,Abilene Christian,Tarleton State,1.0,05:30 PM PDT,ESPN+,-7.35,-5.21,1.5,44.22,55.78,Abilene Christian +1.5,84.0,78.0,"March 11, 2026",6.0,7.5,7.5,,2026-03-11 08:02:50.413228-04:00
401851721.0,Florida A&M,Jackson State,1.0,05:30 PM PDT,ESPN+,-13.64,-20.71,-4.8,68.44,31.56,Florida A&M -4.8,70.0,60.0,"March 11, 2026",10.0,5.2,5.2,,2026-03-11 08:02:50.413228-04:00
401851497.0,Colorado State,Fresno State,1.0,06:00 PM PDT,,8.03,1.15,-4.7,67.98,32.02,Colorado State -4.7,67.0,63.0,"March 11, 2026",4.0,-0.7000000000000002,0.7000000000000002,,2026-03-11 08:02:50.413228-04:00
401851408.0,Sam Houston,New Mexico State,1.0,06:00 PM PDT,ESPN+,5.96,-0.69,-4.5,67.42,32.58,Sam Houston -4.5,69.0,61.0,"March 11, 2026",8.0,3.5,3.5,,2026-03-11 08:02:50.413228-04:00
401851391.0,UC San Diego,Cal Poly,1.0,06:00 PM PDT,ESPN+,3.73,-5.35,-6.2,73.12,26.88,UC San Diego -6.2,72.0,69.0,"March 11, 2026",3.0,-3.2,3.2,,2026-03-11 08:02:50.413228-04:00
401851370.0,Minnesota,Rutgers,1.0,06:00 PM PDT,BTN,9.63,-0.09,-6.6,74.54,25.46,Minnesota -6.6,67.0,72.0,"March 11, 2026",-5.0,-11.6,11.6,,2026-03-11 08:02:50.413228-04:00
401851310.0,DePaul,Georgetown,1.0,06:00 PM PDT,Peacock,4.46,6.21,1.2,45.27,54.73,DePaul +1.2,56.0,63.0,"March 11, 2026",-7.0,-5.8,5.8,,2026-03-11 08:02:50.413228-04:00
401851222.0,Florida Atlantic,Temple,1.0,06:00 PM PDT,ESPN+,3.53,1.24,-1.6,56.18,43.82,Florida Atlantic -1.6,63.0,59.0,"March 11, 2026",4.0,2.4,2.4,,2026-03-11 08:02:50.413228-04:00
401851560.0,Oklahoma,South Carolina,1.0,06:30 PM PDT,SEC Network,12.93,5.11,-5.3,70.23,29.77,Oklahoma -5.3,86.0,74.0,"March 11, 2026",12.0,6.7,6.7,,2026-03-11 08:02:50.413228-04:00
401851294.0,TCU,Oklahoma State,1.0,06:30 PM PDT,ESPNU,14.92,8.23,-4.5,67.52,32.48,TCU -4.5,95.0,88.0,"March 11, 2026",7.0,2.5,2.5,,2026-03-11 08:02:50.413228-04:00
401851176.0,Clemson,Wake Forest,1.0,06:30 PM PDT,ESPN2,16.88,10.94,-4.0,65.66,34.34,Clemson -4.0,71.0,62.0,"March 11, 2026",9.0,5.0,5.0,,2026-03-11 08:02:50.413228-04:00
401851498.0,Boise State,San José State,1.0,08:30 PM PDT,,12.23,-8.12,-13.8,91.65,8.35,Boise State -13.8,74.0,84.0,"March 11, 2026",-10.0,-23.8,23.8,,2026-03-11 08:02:50.413228-04:00
401851392.0,UC Davis,UC Santa Barbara,1.0,08:30 PM PDT,ESPN+,-1.07,2.76,2.6,39.74,60.26,UC Davis +2.6,79.0,73.0,"March 11, 2026",6.0,8.6,8.6,,2026-03-11 08:02:50.413228-04:00
401851336.0,Montana,Idaho,1.0,08:30 PM PDT,ESPN2,-1.37,2.36,2.5,40.0,60.0,Montana +2.5,66.0,77.0,"March 11, 2026",-11.0,-8.5,8.5,,2026-03-11 08:02:50.413228-04:00
401858186.0,Miami (OH),Massachusetts,1.0,08:00 AM PDT,ESPN+,10.81,-1.94,-8.7,80.67,19.33,Miami (OH) -8.7,83.0,87.0,"March 12, 2026",-4.0,-12.7,12.7,,2026-03-12 08:02:37.271518-04:00
401851263.0,Fordham,George Washington,1.0,08:30 AM PDT,USA Net,0.33,9.71,6.4,26.21,73.79,Fordham +6.4,62.0,66.0,"March 12, 2026",-4.0,2.4000000000000004,2.4000000000000004,,2026-03-12 08:02:37.271518-04:00
401851177.0,Virginia,NC State,1.0,09:00 AM PDT,ESPN2,23.19,17.96,-3.6,63.87,36.13,Virginia -3.6,81.0,74.0,"March 12, 2026",7.0,3.4,3.4,,2026-03-12 08:02:37.271518-04:00
401851311.0,St. John's,Providence,1.0,09:00 AM PDT,Peacock,21.75,9.46,-8.3,79.8,20.2,St. John's -8.3,85.0,72.0,"March 12, 2026",13.0,4.699999999999999,4.699999999999999,,2026-03-12 08:02:37.271518-04:00
401851375.0,Ohio State,Iowa,1.0,09:00 AM PDT,BTN,18.89,20.31,1.0,46.16,53.84,Ohio State +1.0,72.0,69.0,"March 12, 2026",3.0,4.0,4.0,,2026-03-12 08:02:37.271518-04:00
401851296.0,Texas Tech,Iowa State,1.0,09:30 AM PDT,ESPN,22.56,28.19,3.8,35.11,64.89,Texas Tech +3.8,53.0,75.0,"March 12, 2026",-22.0,-18.2,18.2,,2026-03-12 08:02:37.271518-04:00
401851561.0,Missouri,Kentucky,1.0,09:30 AM PDT,SEC Network,11.0,19.44,5.7,28.33,71.67,Missouri +5.7,72.0,78.0,"March 12, 2026",-6.0,-0.2999999999999998,0.2999999999999998,,2026-03-12 08:02:37.271518-04:00
401858187.0,Toledo,Bowling Green,1.0,10:30 AM PDT,ESPN+,2.77,2.26,-0.3,51.38,48.62,Toledo -0.3,77.0,76.0,"March 12, 2026",1.0,0.7,0.7,,2026-03-12 08:02:37.271518-04:00
401851719.0,Texas Southern,Alabama A&M,1.0,11:00 AM PDT,ESPN+,-13.52,-12.0,1.0,45.89,54.11,Texas Southern +1.0,74.0,85.0,"March 12, 2026",-11.0,-10.0,10.0,,2026-03-12 08:02:37.271518-04:00
401851264.0,George Mason,St. Bonaventure,1.0,11:00 AM PDT,USA Net,8.18,2.0,-4.2,66.26,33.74,George Mason -4.2,57.0,63.0,"March 12, 2026",-6.0,-10.2,10.2,,2026-03-12 08:02:37.271518-04:00
401851376.0,Wisconsin,Washington,1.0,11:30 AM PDT,BTN,19.1,11.66,-5.1,69.33,30.67,Wisconsin -5.1,85.0,82.0,"March 12, 2026",3.0,-2.0999999999999996,2.0999999999999996,,2026-03-12 08:02:37.271518-04:00
401851178.0,Miami,Louisville,1.0,11:30 AM PDT,ESPN2,18.75,24.22,3.7,35.52,64.48,Miami +3.7,78.0,73.0,"March 12, 2026",5.0,8.7,8.7,,2026-03-12 08:02:37.271518-04:00
401851312.0,Seton Hall,Creighton,1.0,11:30 AM PDT,Peacock,12.07,8.5,-2.4,59.58,40.42,Seton Hall -2.4,72.0,61.0,"March 12, 2026",11.0,8.6,8.6,,2026-03-12 08:02:37.271518-04:00
401851299.0,Arizona,UCF,1.0,12:00 PM PDT,ESPN,32.9,11.67,-14.4,92.53,7.47,Arizona -14.4,81.0,59.0,"March 12, 2026",22.0,7.6,7.6,,2026-03-12 08:02:37.271518-04:00
401851562.0,Tennessee,Auburn,1.0,12:00 PM PDT,SEC Network,23.02,17.04,-4.1,65.76,34.24,Tennessee -4.1,72.0,62.0,"March 12, 2026",10.0,5.9,5.9,,2026-03-12 08:02:37.271518-04:00
401851499.0,Utah State,UNLV,1.0,12:00 PM PDT,CBSSN,19.68,4.04,-10.6,85.59,14.41,Utah State -10.6,80.0,60.0,"March 12, 2026",20.0,9.4,9.4,,2026-03-12 08:02:37.271518-04:00
401858188.0,Akron,Buffalo,1.0,01:00 PM PDT,ESPN+,14.33,-0.52,-10.1,84.33,15.67,Akron -10.1,73.0,70.0,"March 12, 2026",3.0,-7.1,7.1,,2026-03-12 08:02:37.271518-04:00
401851266.0,Duquesne,Rhode Island,1.0,02:00 PM PDT,USA Net,1.81,2.0,0.1,49.49,50.51,Duquesne +0.1,67.0,61.0,"March 12, 2026",6.0,6.1,6.1,,2026-03-12 08:02:37.271518-04:00
401851500.0,Grand Canyon,Nevada,1.0,02:30 PM PDT,CBSSN,10.39,10.08,-0.2,50.84,49.16,Grand Canyon -0.2,80.0,84.0,"March 12, 2026",-4.0,-4.2,4.2,,2026-03-12 08:02:37.271518-04:00
401851473.0,Norfolk State,South Carolina State,1.0,03:00 PM PDT,ESPN+,-11.55,-22.8,-7.6,77.75,22.25,Norfolk State -7.6,82.0,88.0,"March 12, 2026",-6.0,-13.6,13.6,,2026-03-12 08:02:37.271518-04:00
401851377.0,Purdue,Northwestern,1.0,03:30 PM PDT,BTN,26.22,11.28,-10.1,84.48,15.52,Purdue -10.1,81.0,68.0,"March 12, 2026",13.0,2.9000000000000004,2.9000000000000004,,2026-03-12 08:02:37.271518-04:00
401858189.0,Kent State,Ohio,1.0,03:30 PM PDT,ESPN+,1.09,-4.91,-4.1,65.81,34.19,Kent State -4.1,86.0,75.0,"March 12, 2026",11.0,6.9,6.9,,2026-03-12 08:02:37.271518-04:00
401851410.0,Louisiana Tech,Middle Tennessee,1.0,03:30 PM PDT,ESPN+,-4.15,1.26,3.7,35.67,64.33,Louisiana Tech +3.7,80.0,69.0,"March 12, 2026",11.0,14.7,14.7,,2026-03-12 08:02:37.271518-04:00
401851179.0,Duke,Florida State,1.0,04:00 PM PDT,ESPN,38.16,10.13,-19.0,97.15,2.85,Duke -19.0,80.0,79.0,"March 12, 2026",1.0,-18.0,18.0,,2026-03-12 08:02:37.271518-04:00
401851300.0,Houston,BYU,1.0,04:00 PM PDT,ESPN2,27.67,20.54,-4.8,68.59,31.41,Houston -4.8,73.0,66.0,"March 12, 2026",7.0,2.2,2.2,,2026-03-12 08:02:37.271518-04:00
401851313.0,UConn,Xavier,1.0,04:00 PM PDT,FS1,24.88,5.2,-13.4,90.93,9.07,UConn -13.4,93.0,68.0,"March 12, 2026",25.0,11.6,11.6,,2026-03-12 08:02:37.271518-04:00
401851563.0,Georgia,Ole Miss,1.0,04:00 PM PDT,SEC Network,19.33,7.41,-8.1,79.08,20.92,Georgia -8.1,72.0,76.0,"March 12, 2026",-4.0,-12.1,12.1,,2026-03-12 08:02:37.271518-04:00
401851223.0,Charlotte,Tulane,1.0,04:00 PM PDT,ESPNU,-0.92,-3.79,-1.9,57.73,42.27,Charlotte -1.9,74.0,60.0,"March 12, 2026",14.0,12.1,12.1,,2026-03-12 08:02:37.271518-04:00
401851268.0,Davidson,Loyola Chicago,1.0,04:30 PM PDT,USA Net,5.19,-10.38,-10.6,85.48,14.52,Davidson -10.6,64.0,59.0,"March 12, 2026",5.0,-5.6,5.6,,2026-03-12 08:02:37.271518-04:00
401851474.0,North Carolina Central,Maryland Eastern Shore,1.0,05:00 PM PDT,ESPN+,-18.16,-19.12,-0.7,52.6,47.4,North Carolina Central -0.7,83.0,76.0,"March 12, 2026",7.0,6.3,6.3,,2026-03-12 08:02:37.271518-04:00
401851720.0,Southern,Arkansas-Pine Bluff,1.0,05:30 PM PDT,ESPN+,-9.16,-13.74,-3.1,62.21,37.79,Southern -3.1,84.0,81.0,"March 12, 2026",3.0,-0.10000000000000009,0.10000000000000009,,2026-03-12 08:02:37.271518-04:00
401851734.0,UT Arlington,Southern Utah,1.0,06:00 PM PDT,ESPN+,-0.26,-9.35,-6.2,73.15,26.85,UT Arlington -6.2,69.0,63.0,"March 12, 2026",6.0,-0.20000000000000018,0.20000000000000018,,2026-03-12 08:02:37.271518-04:00
401851501.0,San Diego State,Colorado State,1.0,06:00 PM PDT,CBSSN,13.25,8.18,-3.4,63.47,36.53,San Diego State -3.4,71.0,62.0,"March 12, 2026",9.0,5.6,5.6,,2026-03-12 08:02:37.271518-04:00
401851411.0,Western Kentucky,Kennesaw State,1.0,06:00 PM PDT,ESPN+,0.97,0.29,-0.5,51.84,48.16,Western Kentucky -0.5,87.0,96.0,"March 12, 2026",-9.0,-9.5,9.5,,2026-03-12 08:02:37.271518-04:00
401851393.0,Cal State Northridge,UC San Diego,1.0,06:00 PM PDT,ESPN+,-2.23,3.7,4.0,34.36,65.64,Cal State Northridge +4.0,80.0,70.0,"March 12, 2026",10.0,14.0,14.0,,2026-03-12 08:02:37.271518-04:00
401851378.0,UCLA,Rutgers,1.0,06:00 PM PDT,BTN,17.41,0.49,-11.5,87.47,12.53,UCLA -11.5,72.0,59.0,"March 12, 2026",13.0,1.5,1.5,,2026-03-12 08:02:37.271518-04:00
401851302.0,Kansas,TCU,1.0,06:30 PM PDT,ESPN2,21.63,15.23,-4.3,66.81,33.19,Kansas -4.3,78.0,73.0,"March 12, 2026",5.0,0.7000000000000002,0.7000000000000002,,2026-03-12 08:02:37.271518-04:00
401851180.0,North Carolina,Clemson,1.0,06:30 PM PDT,ESPN,20.32,17.38,-2.0,57.91,42.09,North Carolina -2.0,79.0,80.0,"March 12, 2026",-1.0,-3.0,3.0,,2026-03-12 08:02:37.271518-04:00
401851564.0,Texas A&M,Oklahoma,1.0,06:30 PM PDT,SEC Network,15.38,13.19,-1.5,55.91,44.09,Texas A&M -1.5,63.0,83.0,"March 12, 2026",-20.0,-21.5,21.5,,2026-03-12 08:02:37.271518-04:00
401851314.0,Villanova,Georgetown,1.0,06:30 PM PDT,FS1,17.3,6.57,-7.3,76.69,23.31,Villanova -7.3,64.0,78.0,"March 12, 2026",-14.0,-21.3,21.3,,2026-03-12 08:02:37.271518-04:00
401851224.0,North Texas,Florida Atlantic,1.0,06:30 PM PDT,ESPNU,1.31,3.85,1.7,43.15,56.85,North Texas +1.7,74.0,70.0,"March 12, 2026",4.0,5.7,5.7,,2026-03-12 08:02:37.271518-04:00
401851735.0,Utah Tech,Abilene Christian,1.0,08:30 PM PDT,ESPN+,-1.37,-7.04,-3.8,64.99,35.01,Utah Tech -3.8,80.0,74.0,"March 12, 2026",6.0,2.2,2.2,,2026-03-12 08:02:37.271518-04:00
401851502.0,New Mexico,San José State,1.0,08:30 PM PDT,CBSSN,14.18,-7.17,-14.5,92.64,7.36,New Mexico -14.5,93.0,77.0,"March 12, 2026",16.0,1.5,1.5,,2026-03-12 08:02:37.271518-04:00
401851394.0,Cal State Fullerton,UC Davis,1.0,08:30 PM PDT,ESPN+,-1.19,-0.66,0.4,48.56,51.44,Cal State Fullerton +0.4,82.0,70.0,"March 12, 2026",12.0,12.4,12.4,,2026-03-12 08:02:37.271518-04:00
